{"cameraMode":{"drawMode":0,"name":"Shaded","section":"Shading Mode"},"sceneLighting":true,"audioPlay":false,"sceneViewState":{"m_AlwaysRefresh":false,"showFog":true,"showSkybox":true,"showFlares":true,"showImageEffects":true,"showParticleSystems":true,"showVisualEffectGraphs":true,"m_FxEnabled":false},"in2DMode":false,"pivot":{"x":-11.964347839355469,"y":3.278895616531372,"z":-4.426289081573486},"rotation":{"x":0.18198516964912415,"y":0.003544365521520376,"z":-0.0006460444419644773,"w":0.9833278656005859},"size":4.330127239227295,"orthographic":false}