{"cameraMode":{"drawMode":0,"name":"Shaded","section":"Shading Mode"},"sceneLighting":true,"audioPlay":false,"sceneViewState":{"m_AlwaysRefresh":false,"showFog":true,"showSkybox":true,"showFlares":true,"showImageEffects":true,"showParticleSystems":true,"showVisualEffectGraphs":true,"m_FxEnabled":false},"in2DMode":false,"pivot":{"x":-75.60137176513672,"y":0.779565691947937,"z":3.619347333908081},"rotation":{"x":-0.020779849961400033,"y":-0.9043450355529785,"z":0.04436024650931358,"w":-0.42422035336494448},"size":0.8660253882408142,"orthographic":false}