{"cameraMode":{"drawMode":0,"name":"Shaded","section":"Shading Mode"},"sceneLighting":true,"audioPlay":false,"sceneViewState":{"m_AlwaysRefresh":false,"showFog":true,"showSkybox":true,"showFlares":true,"showImageEffects":true,"showParticleSystems":true,"showVisualEffectGraphs":true,"m_FxEnabled":false},"in2DMode":false,"pivot":{"x":2.2177369594573976,"y":2.9227898120880129,"z":-10.52740478515625},"rotation":{"x":-0.013696963898837567,"y":0.8856455683708191,"z":-0.02669362723827362,"w":-0.4637363851070404},"size":0.3325842022895813,"orthographic":false}