{"cameraMode":{"drawMode":0,"name":"Shaded","section":"Shading Mode"},"sceneLighting":true,"audioPlay":false,"sceneViewState":{"m_AlwaysRefresh":false,"showFog":true,"showSkybox":true,"showFlares":true,"showImageEffects":true,"showParticleSystems":true,"showVisualEffectGraphs":true,"m_FxEnabled":false},"in2DMode":false,"pivot":{"x":-0.8316313028335571,"y":1.6744420528411866,"z":-9.904313087463379},"rotation":{"x":0.5334565043449402,"y":0.012655421160161496,"z":-0.0027968052309006454,"w":0.8468321561813355},"size":1.8933258056640626,"orthographic":false}