{"cameraMode":{"drawMode":0,"name":"Shaded","section":"Shading Mode"},"sceneLighting":true,"audioPlay":false,"sceneViewState":{"m_AlwaysRefresh":false,"showFog":true,"showSkybox":true,"showFlares":true,"showImageEffects":true,"showParticleSystems":true,"showVisualEffectGraphs":true,"m_FxEnabled":false},"in2DMode":false,"pivot":{"x":-13.129199028015137,"y":-0.003792285919189453,"z":7.561246871948242},"rotation":{"x":0.10182684659957886,"y":0.0019891648553311826,"z":-0.00019758033158723265,"w":0.994837760925293},"size":4.330127239227295,"orthographic":false}