{"cameraMode":{"drawMode":0,"name":"Shaded","section":"Shading Mode"},"sceneLighting":true,"audioPlay":false,"sceneViewState":{"m_AlwaysRefresh":false,"showFog":true,"showSkybox":true,"showFlares":true,"showImageEffects":true,"showParticleSystems":true,"showVisualEffectGraphs":true,"m_FxEnabled":false},"in2DMode":false,"pivot":{"x":-11.229557991027832,"y":1.365127444267273,"z":7.405058860778809},"rotation":{"x":-0.007324511185288429,"y":0.01588984951376915,"z":-0.00549230445176363,"w":-1.0008946657180787},"size":2.854734182357788,"orthographic":false}