{"cameraMode":{"drawMode":0,"name":"Shaded","section":"Shading Mode"},"sceneLighting":true,"audioPlay":false,"sceneViewState":{"m_AlwaysRefresh":false,"showFog":true,"showSkybox":true,"showFlares":true,"showImageEffects":true,"showParticleSystems":true,"showVisualEffectGraphs":true,"m_FxEnabled":false},"in2DMode":false,"pivot":{"x":-17.346908569335939,"y":-0.8455712795257568,"z":5.497945308685303},"rotation":{"x":0.1153130829334259,"y":-0.29381486773490908,"z":0.035748425871133807,"w":0.9483976364135742},"size":4.330127239227295,"orthographic":false}