{"cameraMode":{"drawMode":0,"name":"Shaded","section":"Shading Mode"},"sceneLighting":true,"audioPlay":false,"sceneViewState":{"m_AlwaysRefresh":false,"showFog":true,"showSkybox":true,"showFlares":true,"showImageEffects":true,"showParticleSystems":true,"showVisualEffectGraphs":true,"m_FxEnabled":false},"in2DMode":false,"pivot":{"x":1.6018621921539307,"y":-0.5228792428970337,"z":-16.527135848999025},"rotation":{"x":0.08430738002061844,"y":0.7130622863769531,"z":-0.07832645624876023,"w":0.6927717328071594},"size":2.3745384216308595,"orthographic":false}