{"cameraMode":{"drawMode":0,"name":"Shaded","section":"Shading Mode"},"sceneLighting":true,"audioPlay":false,"sceneViewState":{"m_AlwaysRefresh":false,"showFog":true,"showSkybox":true,"showFlares":true,"showImageEffects":true,"showParticleSystems":true,"showVisualEffectGraphs":true,"m_FxEnabled":false},"in2DMode":false,"pivot":{"x":-19.827077865600587,"y":-0.18995094299316407,"z":4.26041316986084},"rotation":{"x":0.10128872841596604,"y":-0.4366771876811981,"z":0.049561671912670138,"w":0.8925672769546509},"size":4.330127239227295,"orthographic":false}