{"cameraMode":{"drawMode":0,"name":"Shaded","section":"Shading Mode"},"sceneLighting":true,"audioPlay":false,"sceneViewState":{"m_AlwaysRefresh":false,"showFog":true,"showSkybox":true,"showFlares":true,"showImageEffects":true,"showParticleSystems":true,"showVisualEffectGraphs":true,"m_FxEnabled":false},"in2DMode":false,"pivot":{"x":136.0825653076172,"y":0.4588508605957031,"z":231.27261352539063},"rotation":{"x":0.04598164185881615,"y":-0.018775399774312974,"z":0.000849644304253161,"w":0.9989275336265564},"size":51.9610481262207,"orthographic":false}